run,lane,repetition,passed,seconds,modelRequests,operations,preflightCalls,preflightSeconds,promptTokens,outputTokens,cachedTokens,imageInputs,residentMarkers,emailMarkers,phoneMarkers,savedWrites,error
final-dispatch-session-1-browser,browser,1,True,111.1706827559974,17,35,0,0,187284,7512,130816,17,10,10,3,3,
final-dispatch-session-1-rcip-direct,rcip-direct,1,True,46.24073058797512,3,8,0,0,8754,741,6400,0,0,0,0,3,
final-dispatch-session-1-rcip-preflight,rcip-preflight,1,True,9.389090716955252,5,8,2,0.008391273964662105,15746,867,12032,0,0,0,0,3,
final-dispatch-session-2-browser,browser,2,True,71.85919439600548,16,33,0,0,174100,6787,121856,16,10,10,3,3,
final-dispatch-session-2-rcip-direct,rcip-direct,2,True,7.918036003946327,4,9,0,0,11867,739,8704,0,0,0,0,3,
final-dispatch-session-2-rcip-preflight,rcip-preflight,2,True,7.463935090985615,4,9,1,0.006594968028366566,12280,626,8704,0,0,0,0,3,
final-dispatch-session-3-browser,browser,3,True,74.80497232603375,16,30,0,0,176013,7661,123904,16,10,10,3,3,
final-dispatch-session-3-rcip-direct,rcip-direct,3,True,9.56229686702136,4,8,0,0,11655,761,8704,0,0,0,0,3,
final-dispatch-session-3-rcip-preflight,rcip-preflight,3,True,16.195208329008892,10,8,4,0.015701670025009662,31628,1164,26112,0,0,0,0,3,
final-dispatch-session-4-browser,browser,4,True,69.38777958002174,16,32,0,0,176142,7070,123904,16,10,10,3,3,
final-dispatch-session-4-rcip-direct,rcip-direct,4,True,9.433965605974663,5,9,0,0,14872,878,11008,0,0,0,0,3,
final-dispatch-session-4-rcip-preflight,rcip-preflight,4,True,8.494669587002136,4,8,1,0.006375027005560696,11625,740,8704,0,0,0,0,3,
final-dispatch-session-5-browser,browser,5,True,72.85498935700161,16,30,0,0,175660,6881,123904,16,10,10,3,3,
final-dispatch-session-5-rcip-direct,rcip-direct,5,True,8.011866228014696,4,7,0,0,12104,700,8704,0,0,0,0,3,
final-dispatch-session-5-rcip-preflight,rcip-preflight,5,True,16.701786032004748,11,9,4,0.022794266929849982,36199,1364,29952,0,0,0,0,3,
